{"stats":{"minecraft:picked_up":{"minecraft:mutton":1,"minecraft:white_wool":1},"minecraft:custom":{"minecraft:jump":57,"minecraft:open_chest":1,"minecraft:time_since_rest":12116,"minecraft:damage_dealt":10,"minecraft:crouch_one_cm":24,"minecraft:leave_game":3,"minecraft:play_time":12116,"minecraft:sprint_one_cm":10423,"minecraft:walk_on_water_one_cm":3315,"minecraft:time_since_death":12116,"minecraft:walk_one_cm":10138,"minecraft:sneak_time":251,"minecraft:total_world_time":14775,"minecraft:walk_under_water_one_cm":11793,"minecraft:fly_one_cm":147485}},"DataVersion":3465}