{"stats":{"minecraft:used":{"minecraft:dark_prismarine":20,"minecraft:dirt_path":255,"minecraft:warped_fence":30,"minecraft:ladder":11,"minecraft:pillager_spawn_egg":27},"minecraft:mined":{"minecraft:grass":1,"minecraft:tall_grass":2},"minecraft:custom":{"minecraft:open_barrel":4,"minecraft:time_since_rest":27907,"minecraft:open_chest":10,"minecraft:crouch_one_cm":591,"minecraft:sprint_one_cm":27007,"minecraft:play_time":27907,"minecraft:damage_taken":25,"minecraft:walk_one_cm":56493,"minecraft:sneak_time":356,"minecraft:walk_under_water_one_cm":1722,"minecraft:mob_kills":1,"minecraft:jump":118,"minecraft:damage_dealt":100,"minecraft:leave_game":1,"minecraft:walk_on_water_one_cm":14527,"minecraft:time_since_death":27907,"minecraft:climb_one_cm":4704,"minecraft:total_world_time":27907,"minecraft:swim_one_cm":1928,"minecraft:tune_noteblock":11,"minecraft:fly_one_cm":102024},"minecraft:picked_up":{"minecraft:ink_sac":1,"minecraft:mutton":2,"minecraft:white_wool":1},"minecraft:killed":{"minecraft:squid":1}},"DataVersion":3465}