{"stats":{"minecraft:used":{"minecraft:dark_prismarine":20,"minecraft:dirt_path":254,"minecraft:warped_fence":30,"minecraft:ladder":11,"minecraft:pillager_spawn_egg":27},"minecraft:custom":{"minecraft:time_since_rest":23389,"minecraft:open_chest":2,"minecraft:crouch_one_cm":131,"minecraft:play_time":23389,"minecraft:sprint_one_cm":8927,"minecraft:damage_taken":25,"minecraft:walk_one_cm":45381,"minecraft:sneak_time":296,"minecraft:walk_under_water_one_cm":1722,"minecraft:mob_kills":1,"minecraft:jump":68,"minecraft:damage_dealt":100,"minecraft:time_since_death":23389,"minecraft:walk_on_water_one_cm":14431,"minecraft:total_world_time":23389,"minecraft:climb_one_cm":4704,"minecraft:swim_one_cm":1928,"minecraft:fly_one_cm":61459,"minecraft:tune_noteblock":11},"minecraft:picked_up":{"minecraft:ink_sac":1},"minecraft:mined":{"minecraft:grass":1,"minecraft:tall_grass":2},"minecraft:killed":{"minecraft:squid":1}},"DataVersion":3465}